ID,FechaDelPedido,Año,Mes,Producto,PV,CV,CantidadVendida,CantidadNoVendida,TotalCV,IT,Perdidas
ID-3824,2024-03-22,2024,3,Galletas chocochips,10.0,3.34,32,0,106.8,320.0,
ID-3824,2024-03-29,2024,3,Galletas chocochips,10.0,3.34,64,0,213.6,640.0, 
ID-3826,2024-04-05,2024,4,Brownie triple chocolate,20.0,7.1,18,0,127.87,360.0,
ID-3827,2024-04-12,2024,4,Galletas danesas,7.0,2.62,35,0,91.82,245.0,
ID-3824,2024-04-17,2024,4,Galletas chocochips,10.0,3.34,64,0,213.6,640.0,
ID-3825,2024-04-19,2024,4,Mini cheesecake,20.0,7.61,16,0,121.75,320.0, 
ID-3826,2024-04-24,2024,4,Brownie triple chocolate,20.0,7.1,36,0,255.74,720.0, 
ID-3827,2024-04-26,2024,4,Galletas danesas,7.0,2.62,35,0,91.82,245.0, 
ID-3828,2024-05-01,2024,5,Muffins de yogurt,20.0,7.3,24,0,175.23,480.0, 
ID-3824,2024-05-03,2024,5,Galletas chocochips,10.0,3.34,30,2,100.13,300.0,20
ID-3825,2024-05-08,2024,5,Mini cheesecake,20.0,7.61,16,0,121.75,320.0, 
ID-3824,2024-05-10,2024,5,Galletas chocochips,10.0,3.34,32,0,106.8,320.0, 
ID-3826,2024-05-15,2024,5,Brownie triple chocolate,20.0,7.1,18,0,127.87,360.0, 
ID-3828,2024-05-17,2024,5,Muffins de yogurt,20.0,7.3,24,0,175.23,480.0, 
ID-3828,2024-05-22,2024,5,Muffins de yogurt,20.0,7.3,12,0,87.61,240.0, 
ID-3824,2024-05-24,2024,5,Galletas chocochips,10.0,3.34,29,3,96.79,290.0,30
ID-3825,2024-05-29,2024,5,Mini cheesecake,20.0,7.61,14,2,106.53,280.0,40
ID-3827,2024-05-31,2024,5,Galletas danesas,7.0,2.62,35,0,91.82,245.0, 
ID-3827,2024-06-05,2024,6,Galletas danesas,7.0,2.62,34,1,89.2,238.0,7
ID-3826,2024-06-07,2024,6,Brownie triple chocolate,20.0,7.1,18,0,127.87,360.0, 
ID-3828,2024-06-12,2024,6,Muffins de yogurt,20.0,7.3,24,0,175.23,480.0, 
ID-3824,2024-06-14,2024,6,Galletas chocochips,10.0,3.34,32,0,106.8,320.0, 
ID-3826,2024-06-19,2024,6,Brownie triple chocolate,20.0,7.1,36,0,255.74,720.0, 
ID-3829,2024-06-21,2024,6,Besos de nuez,7.0,2.99,50,0,149.49,350.0, 
ID-3828,2024-06-26,2024,6,Muffins de yogurt,20.0,7.3,24,0,175.23,480.0, 
ID-3826,2024-06-28,2024,6,Brownie triple chocolate,20.0,7.1,15,3,106.56,300.0,60
ID-3827,2024-07-03,2024,7,Galletas danesas,7.0,2.62,29,6,76.08,203.0,42
ID-3825,2024-07-05,2024,7,Mini cheesecake,20.0,7.61,16,0,121.75,320.0, 
ID-3824,2024-07-10,2024,7,Galletas chocochips,10.0,3.34,32,0,106.8,320.0, 
ID-3829,2024-07-12,2024,7,Besos de nuez,7.0,2.99,45,5,134.54,315.0,35
ID-3828,2024-07-17,2024,7,Muffins de yogurt,20.0,7.3,24,0,175.23,480.0, 
ID-3826,2024-07-19,2024,7,Brownie triple chocolate,20.0,7.1,16,2,113.66,320.0,40
ID-3830,2024-07-24,2024,7,Flan de queso crema,25.0,10.94,18,0,196.86,450.0, 
ID-3827,2024-07-26,2024,7,Galletas danesas,7.0,2.62,30,5,78.7,210.0,35
ID-3825,2024-07-31,2024,7,Mini cheesecake,20.0,7.61,16,0,121.75,320.0, 
ID-3829,2024-08-02,2024,8,Besos de nuez,7.0,2.99,50,0,149.49,350.0, 
ID-3824,2024-08-07,2024,8,Galletas chocochips,10.0,3.34,32,0,106.8,320.0, 
ID-3828,2024-08-09,2024,8,Muffins de yogurt,20.0,7.3,24,0,175.23,480.0, 
ID-3826,2024-08-14,2024,8,Brownie triple chocolate,20.0,7.1,18,0,127.87,360.0, 
ID-3830,2024-08-16,2024,8,Flan de queso crema,25.0,10.94,16,2,174.99,400.0,50
ID-3825,2024-08-21,2024,8,Mini cheesecake,20.0,7.61,16,0,121.75,320.0, 
ID-3828,2024-08-23,2024,8,Muffins de yogurt,20.0,7.3,24,0,175.23,480.0, 
ID-3829,2024-08-28,2024,8,Besos de nuez,7.0,2.99,50,0,149.49,350.0, 
ID-3827,2024-08-30,2024,8,Galletas danesas,7.0,2.62,33,2,86.57,231.0,14
ID-3824,2024-09-04,2024,9,Galletas chocochips,10.0,3.34,28,4,93.45,280.0,40
ID-3825,2024-09-06,2024,9,Mini cheesecake,20.0,7.61,14,2,106.53,280.0,40
ID-3831,2024-09-11,2024,9,Muffin de chocolate,20.0,7.05,28,0,197.54,560.0, 
ID-3826,2024-09-13,2024,9,Brownie triple chocolate,20.0,7.1,18,0,127.87,360.0, 
ID-3828,2024-09-18,2024,9,Muffins de yogurt,20.0,7.3,12,0,87.61,240.0, 
ID-3827,2024-09-20,2024,9,Galletas danesas,7.0,2.62,30,5,78.7,210.0,35
ID-3824,2024-09-25,2024,9,Galletas chocochips,10.0,3.34,32,0,106.8,320.0, 
ID-3830,2024-09-27,2024,9,Flan de queso crema,25.0,10.94,15,3,164.05,375.0,75
ID-3829,2024-10-02,2024,10,Besos de nuez,7.0,2.99,48,2,143.51,336.0,14
ID-3824,2024-10-04,2024,10,Galletas chocochips,10.0,3.34,32,0,106.8,320.0, 
ID-3828,2024-10-09,2024,10,Muffins de yogurt,20.0,7.3,24,0,175.23,480.0, 
ID-3826,2024-10-11,2024,10,Brownie triple chocolate,20.0,7.1,18,0,127.87,360.0, 
ID-3828,2024-10-16,2024,10,Muffins de yogurt,20.0,7.3,12,0,87.61,240.0, 
ID-3824,2024-10-18,2024,10,Galletas chocochips,10.0,3.34,32,0,106.8,320.0, 
ID-3829,2024-10-23,2024,10,Besos de nuez,7.0,2.99,48,2,143.51,336.0,14
ID-3825,2024-10-25,2024,10,Mini cheesecake,20.0,7.61,16,0,121.75,320.0, 
ID-3824,2024-10-30,2024,10,Galletas chocochips,10.0,3.34,30,2,100.13,300.0,20
ID-3828,2024-11-01,2024,11,Muffins de yogurt,20.0,7.3,24,0,175.23,480.0, 
ID-3827,2024-11-06,2024,11,Galletas danesas,7.0,2.62,33,2,86.57,231.0,14
ID-3826,2024-11-08,2024,11,Brownie triple chocolate,20.0,7.1,18,0,127.87,360.0, 
ID-3831,2024-11-13,2024,11,Muffin de chocolate,20.0,7.05,14,0,98.77,280.0, 
ID-3828,2024-11-15,2024,11,Muffins de yogurt,20.0,7.3,24,0,175.23,480.0, 
ID-3824,2024-11-20,2024,11,Galletas chocochips,10.0,3.34,32,0,106.8,320.0, 
ID-3830,2024-11-22,2024,11,Flan de queso crema,25.0,10.94,18,0,196.86,450.0, 
ID-3828,2024-11-27,2024,11,Muffins de yogurt,20.0,7.3,12,0,87.61,240.0, 
ID-3825,2024-11-29,2024,11,Mini cheesecake,20.0,7.61,15,1,114.14,300.0,20
ID-3829,2024-12-04,2024,12,Besos de nuez,7.0,2.99,43,7,128.56,301.0,49
ID-3824,2024-12-06,2024,12,Galletas chocochips,10.0,3.34,32,0,106.8,320.0, 
ID-3826,2024-12-11,2024,12,Brownie triple chocolate,20.0,7.1,18,0,127.87,360.0, 
ID-3829,2024-12-13,2024,12,Besos de nuez,7.0,2.99,50,0,149.49,350.0, 
ID-3828,2024-12-18,2024,12,Muffins de yogurt,20.0,7.3,24,0,175.23,480.0, 
ID-3830,2024-12-20,2024,12,Flan de queso crema,25.0,10.94,16,2,174.99,400.0,50
ID-3825,2024-12-27,2024,12,Mini cheesecake,20.0,7.61,16,0,121.75,320.0, 
ID-3828,2025-01-03,2025,1,Muffins de yogurt,21.0,8.36,24,0,200.62,504.0, 
ID-3831,2025-01-08,2025,1,Muffin de chocolate,20.0,7.89,14,0,110.46,280.0, 
ID-3825,2025-01-10,2025,1,Mini cheesecake,25.0,10.26,16,0,164.23,400.0, 
ID-3824,2025-01-15,2025,1,Galletas chocochips,10.0,4.07,25,7,101.79,250.0,70
ID-3829,2025-01-17,2025,1,Besos de nuez,9.0,3.61,45,5,162.49,405.0,45
ID-3828,2025-01-22,2025,1,Muffins de yogurt,21.0,8.36,12,0,100.31,252.0, 
ID-3827,2025-01-24,2025,1,Galletas danesas,7.0,3.11,31,4,96.47,217.0,28
ID-3830,2025-01-29,2025,1,Flan de queso crema,29.0,11.94,18,0,214.86,522.0, 
ID-3826,2025-01-31,2025,1,Brownie triple chocolate,20.0,8.07,18,0,145.32,360.0, 
ID-3824,2025-02-05,2025,2,Galletas chocochips,10.0,4.07,32,0,130.3,320.0, 
ID-3828,2025-02-07,2025,2,Muffins de yogurt,21.0,8.36,24,0,200.62,504.0, 
ID-3828,2025-02-12,2025,2,Muffins de yogurt,21.0,8.36,12,0,100.31,252.0, 
ID-3827,2025-02-14,2025,2,Galletas danesas,7.0,3.11,32,3,99.58,224.0,21
ID-3824,2025-02-19,2025,2,Galletas chocochips,10.0,4.07,30,2,122.15,300.0,20
ID-3829,2025-02-21,2025,2,Besos de nuez,9.0,3.61,35,15,126.38,315.0,135
ID-3825,2025-02-26,2025,2,Mini cheesecake,25.0,10.26,16,0,164.23,400.0, 
ID-3824,2025-02-28,2025,2,Galletas chocochips,10.0,4.07,32,0,130.3,320.0, 
ID-3828,2025-03-05,2025,3,Muffins de yogurt,21.0,8.36,24,0,200.62,504.0, 
ID-3831,2025-03-07,2025,3,Muffin de chocolate,20.0,7.89,12,2,94.68,240.0,40
ID-3824,2025-03-12,2025,3,Galletas chocochips,10.0,4.07,30,2,122.15,300.0,20
ID-3827,2025-03-14,2025,3,Galletas danesas,7.0,3.11,35,0,108.91,245.0, 
ID-3828,2025-03-19,2025,3,Muffins de yogurt,21.0,8.36,12,0,100.31,252.0, 
ID-3826,2025-03-21,2025,3,Brownie triple chocolate,20.0,8.07,18,0,145.32,360.0, 
ID-3825,2025-03-26,2025,3,Mini cheesecake,25.0,10.26,15,1,153.97,375.0,25
ID-3824,2025-03-28,2025,3,Galletas chocochips,10.0,4.07,31,1,126.22,310.0,10
ID-3828,2025-04-02,2025,4,Muffins de yogurt,21.0,8.36,24,0,200.62,504.0, 
ID-3831,2025-04-04,2025,4,Muffin de chocolate,20.0,7.89,14,0,110.46,280.0, 
ID-3827,2025-04-09,2025,4,Galletas danesas,7.0,3.11,33,2,102.69,231.0,14
ID-3824,2025-04-11,2025,4,Galletas chocochips,10.0,4.07,31,1,126.22,310.0,10
ID-3826,2025-04-16,2025,4,Brownie triple chocolate,20.0,8.07,18,0,145.32,360.0, 
ID-3828,2025-04-18,2025,4,Muffins de yogurt,21.0,8.36,12,0,100.31,252.0, 
ID-3824,2025-04-23,2025,4,Galletas chocochips,10.0,4.07,30,2,122.15,300.0,20
ID-3825,2025-04-25,2025,4,Mini cheesecake,25.0,10.26,16,0,164.23,400.0, 
ID-3827,2025-04-30,2025,4,Galletas danesas,7.0,3.11,33,2,102.69,231.0,14
ID-3826,2025-05-02,2025,5,Brownie triple chocolate,20.0,8.07,18,0,145.32,360.0, 
ID-3828,2025-05-07,2025,5,Muffins de yogurt,21.0,8.36,24,0,200.62,504.0, 
ID-3824,2025-05-09,2025,5,Galletas chocochips,10.0,4.07,32,0,130.3,320.0, 
ID-3831,2025-05-14,2025,5,Muffin de chocolate,20.0,7.89,13,1,102.57,260.0,20
ID-3828,2025-05-16,2025,5,Muffins de yogurt,21.0,8.36,12,0,100.31,252.0, 
ID-3824,2025-05-21,2025,5,Galletas chocochips,10.0,4.07,27,5,109.94,270.0,50
ID-3827,2025-05-23,2025,5,Galletas danesas,7.0,3.11,30,5,93.35,210.0,35
ID-3828,2025-05-28,2025,5,Muffins de yogurt,21.0,8.36,24,0,200.62,504.0, 
ID-3824,2025-05-30,2025,5,Galletas chocochips,10.0,4.07,32,0,130.3,320.0, 
ID-3828,2025-06-04,2025,6,Muffins de yogurt,21.0,8.36,12,0,100.31,252.0, 
ID-3828,2025-06-06,2025,6,Muffins de yogurt,21.0,8.36,24,0,200.62,504.0, 
ID-3827,2025-06-11,2025,6,Galletas danesas,7.0,3.11,30,5,93.35,210.0,35
ID-3826,2025-06-13,2025,6,Brownie triple chocolate,20.0,8.07,18,0,145.32,360.0, 
ID-3824,2025-06-18,2025,6,Galletas chocochips,10.0,4.07,32,0,130.3,320.0, 
ID-3825,2025-06-20,2025,6,Mini cheesecake,25.0,10.26,15,1,153.97,375.0,25
ID-3831,2025-06-25,2025,6,Muffin de chocolate,20.0,7.89,14,0,110.46,280.0, 
ID-3827,2025-06-27,2025,6,Galletas danesas,7.0,3.11,32,3,99.58,224.0,21
ID-3828,2025-07-02,2025,7,Muffins de yogurt,21.0,8.36,24,0,200.62,504.0, 
ID-3824,2025-07-04,2025,7,Galletas chocochips,10.0,4.07,31,1,126.22,310.0,10
ID-3825,2025-07-09,2025,7,Mini cheesecake,25.0,10.26,14,2,143.7,350.0,50
ID-3831,2025-07-11,2025,7,Muffin de chocolate,20.0,7.89,13,1,102.57,260.0,20
ID-3827,2025-07-16,2025,7,Galletas danesas,7.0,3.11,35,0,108.91,245.0, 
ID-3826,2025-07-18,2025,7,Brownie triple chocolate,20.0,8.07,17,1,137.24,340.0,20
ID-3828,2025-07-23,2025,7,Muffins de yogurt,21.0,8.36,12,0,100.31,252.0, 
ID-3827,2025-07-25,2025,7,Galletas danesas,7.0,3.11,33,2,102.69,231.0,14
ID-3828,2025-07-30,2025,7,Muffins de yogurt,21.0,8.36,12,0,100.31,252.0, 
ID-3831,2025-08-01,2025,8,Muffin de chocolate,20.0,7.89,14,0,110.46,280.0, 
ID-3826,2025-08-06,2025,8,Brownie triple chocolate,20.0,8.07,18,0,145.32,360.0, 
ID-3824,2025-08-08,2025,8,Galletas chocochips,10.0,4.07,30,2,122.15,300.0,20
ID-3824,2025-08-13,2025,8,Galletas chocochips,10.0,4.07,32,0,130.3,320.0, 
ID-3825,2025-08-15,2025,8,Mini cheesecake,25.0,10.26,16,0,164.23,400.0, 
ID-3831,2025-08-20,2025,8,Muffin de chocolate,20.0,7.89,13,1,102.57,260.0,20
ID-3828,2025-08-22,2025,8,Muffins de yogurt,21.0,8.36,24,0,200.62,504.0, 
ID-3824,2025-08-27,2025,8,Galletas chocochips,10.0,4.07,27,5,109.94,270.0,50
ID-3827,2025-08-29,2025,8,Galletas danesas,7.0,3.11,32,3,99.58,224.0,21
ID-3825,2025-09-03,2025,9,Mini cheesecake,25.0,10.26,16,0,164.23,400.0, 
ID-3831,2025-09-05,2025,9,Muffin de chocolate,20.0,7.89,14,0,110.46,280.0, 
ID-3826,2025-09-10,2025,9,Brownie triple chocolate,20.0,8.07,18,0,145.32,360.0, 
ID-3828,2025-09-12,2025,9,Muffins de yogurt,21.0,8.36,12,0,100.31,252.0, 
ID-3824,2025-09-17,2025,9,Galletas chocochips,10.0,4.07,32,0,130.3,320.0, 
ID-3825,2025-09-19,2025,9,Mini cheesecake,25.0,10.26,15,1,153.97,375.0,25
ID-3827,2025-09-24,2025,9,Galletas danesas,7.0,3.11,35,0,108.91,245.0, 
ID-3824,2025-10-08,2025,10,Galletas chocochips,10.0,4.07,32,0,130.3,320.0, 
ID-3828,2025-10-10,2025,10,Muffins de yogurt,21.0,8.36,24,0,200.62,504.0, 
ID-3831,2025-10-15,2025,10,Muffin de chocolate,20.0,7.89,12,2,94.68,240.0,40
ID-3826,2025-10-17,2025,10,Brownie triple chocolate,20.0,8.07,18,0,145.32,360.0, 
ID-3827,2025-10-22,2025,10,Galletas danesas,7.0,3.11,34,1,105.8,238.0,7
ID-3824,2025-10-24,2025,10,Galletas chocochips,10.0,4.07,31,1,126.22,310.0,10
ID-3828,2025-10-29,2025,10,Muffins de yogurt,21.0,8.36,24,0,200.62,504.0, 
